{
  "Memory & Data Storage": {
    "Description": "Components related to memory and data storage technologies.",
    "DRAM": {
      "Description": "Dynamic Random Access Memory (DRAM) components.",
      "SpecifyType": {
        "DDR": "Double Data Rate Synchronous DRAM.",
        "LPDDR": "Low Power Double Data Rate Synchronous DRAM.",
        "GDDR5": "Graphics Double Data Rate version 5 Synchronous DRAM.",
        "DDR2": "Double Data Rate 2 Synchronous DRAM.",
        "LPDDR2": "Low Power Double Data Rate 2 Synchronous DRAM.",
        "GDDR6": "Graphics Double Data Rate version 6 Synchronous DRAM.",
        "DDR3": "Double Data Rate 3 Synchronous DRAM.",
        "LPDDR3": "Low Power Double Data Rate 3 Synchronous DRAM.",
        "HBM2": "High Bandwidth Memory version 2.",
        "DDR4": "Double Data Rate 4 Synchronous DRAM.",
        "LPDDR4": "Low Power Double Data Rate 4 Synchronous DRAM.",
        "HBM2E": "High Bandwidth Memory version 2 Enhanced.",
        "DDR5": "Double Data Rate 5 Synchronous DRAM.",
        "LPDDR4X": "Low Power Double Data Rate 4X Synchronous DRAM.",
        "HBM3": "High Bandwidth Memory version 3.",
        "HyperRAM": "High Performance RAM.",
        "LPDDR5": "Low Power Double Data Rate 5 Synchronous DRAM.",
        "Modules": "Memory modules.",
        "SDRAM": "Synchronous Dynamic Random Access Memory.",
        "LPDDR5X": "Low Power Double Data Rate 5X Synchronous DRAM.",
        "Pseudo SRAM": "Pseudo Static Random Access Memory.",
        "RLDRAM": "Reduced Latency DRAM.",
        "LPSDR": "Low Power Synchronous DRAM."
      }
    },
    "Flash Memory": {
      "Description": "Non-volatile flash memory components.",
      "SpecifyType": {
        "eMMC": "Embedded MultiMediaCard.",
        "UFS": "Universal Flash Storage.",
        "NAND Flash": "NAND Flash memory.",
        "NOR Flash": "NOR Flash memory."
      }
    },
    "Multi Chip Package": {
      "Description": "Components packaged together as a single unit containing multiple chips.",
      "SpecifyType": {
        "MCP": "Multi Chip Package."
      }
    },
    "Solid State Drives": {
      "Description": "Storage drives based on solid-state technology.",
      "SpecifyType": {
        "SSD": "Solid State Drive."
      }
    }
  },
  "Circuit Protection": {
    "Description": "Components designed to protect electronic circuits from damage.",
    "Fuses": {
      "Description": "Fuses for overcurrent protection.",
      "SpecifyType": {
        "Surface Mount Fuses": "Fuses mounted on the surface of a circuit board."
      }
    },
    "TSS": {
      "Description": "Transient Suppression Systems."
    },
    "Thermistors": {
      "Description": "Temperature-sensitive resistors used for temperature measurement or compensation.",
      "SpecifyType": {
        "NTC (Negative Temperature Coefficient) Thermistors": "Thermistors with a negative temperature coefficient.",
        "Inrush Current Limiters": "Thermistors used to limit inrush current.",
        "PTC (Positive Temperature Coefficient) Thermistors": "Thermistors with a positive temperature coefficient."
      }
    },
    "ESD Suppressors / TVS Diodes": {
      "Description": "Components used to protect against electrostatic discharge (ESD) and transient voltage spikes."
    },
    "Gas Discharge Tubes - GDTs / Gas Plasma Arrestors": {},
    "Resettable Fuses - PPTC": {},
    "SPG": {},
    "Gas Discharge Tubes - GDTs": {},
    "Surge Suppressors": {},
    "Varistors": {}
  },
  "Passive": {
    "Description": "Passive electronic components that do not require an external power source.",
    "Automotive - SMD/Chip Resistors": {
      "Description": "Surface mount resistors specifically designed for automotive applications.",
      "SpecifyType": {
        "Array/Network - Auto": "Resistor arrays or networks for automotive use.",
        "Thin Film  - Auto": "Thin film resistors for automotive applications.",
        "Thick Film Precision - Auto": "Precision thick film resistors for automotive use.",
        "Thick Film Wide Terminal - Auto": "Wide terminal thick film resistors for automotive applications.",
        "High Voltage - Auto": "High voltage resistors for automotive use.",
        "Anti Surge - Auto": "Surge-resistant resistors for automotive applications.",
        "Current Sensing - Auto": "Current sensing resistors for automotive use.",
        "Jumper - Auto": "Jumper resistors for automotive applications.",
        "Shunt Resistors - Auto": "Shunt resistors for automotive use.",
        "Thick Film - Auto": "Thick film resistors for automotive applications.",
        "Anti-Sulfurated - Auto": "Sulfur-resistant resistors for automotive use."
      }
    },
    "SMD/Chip Resistors": {
      "Description": "Surface mount resistors.",
      "SpecifyType": {
        "Anti-Sulfurated": "Sulfur-resistant surface mount resistors.",
        "Chip Resistors": "Standard chip resistors.",
        "MELF Resistors": "Metal Electrode Leadless Face resistors.",
        "RF Attenuator": "Radio frequency attenuator resistors.",
        "Wide Terminal Power Chip-Resistor": "Wide terminal power chip resistors.",
        "Ni/Au Termination": "Nickel/Gold termination chip resistors.",
        "High Power Chip Resistor": "High power chip resistors.",
        "Lead Free Resistors": "Lead-free surface mount resistors.",
        "Shunt Resistors": "Shunt resistors.",
        "Jumper": "Jumper resistors.",
        "Fusible Thick Film": "Fusible thick film resistors.",
        "Thick Film Wide Terminal": "Thick film resistors with wide terminals.",
        "Current Sensing Resistors": "Current sensing surface mount resistors.",
        "Array/Network": "Resistor arrays or networks.",
        "Low Ohm Current Sense": "Low ohm current sensing resistors.",
        "Thick Film General Purpose": "General purpose thick film resistors.",
        "Anti Surge Resistors": "Surge-resistant surface mount resistors.",
        "High voltage chip resistor": "High voltage chip resistors.",
        "High Temperature Chip Resistors": "High temperature chip resistors.",
        "Thick Film Precision": "Precision thick film resistors.",
        "Thin Film Resistors": "Thin film surface mount resistors.",
        "Trimmable": "Trimmable resistors.",
        "High Ohm Chip-Resistor (>10Mohm)": "High ohm chip resistors (>10Mohm)."
      }
    },
    "Through Hole Resistors": {
      "Description": "Resistors mounted through holes in a circuit board.",
      "SpecifyType": {
        "Metal Film": "Metal film resistors.",
        "Cement": "Cement resistors.",
        "Aluminium Housed": "Aluminium housed resistors.",
        "Metal Oxide Film": "Metal oxide film resistors.",
        "Zero Ohmic": "Zero ohm resistors.",
        "Jumper Wire": "Jumper wire resistors.",
        "Safety": "Safety resistors.",
        "NPM": "Non-Plated Mounting resistors.",
        "Metal Glazed Film": "Metal glazed film resistors.",
        "Low Ohmic": "Low ohm resistors.",
        "Wirewound Resistors": "Wirewound resistors.",
        "Carbon Film": "Carbon film resistors."
      }
    },
    "Capacitors": {
      "Description": "Components used to store and release electrical energy.",
      "SpecifyType": {
        "Tantalum Capacitors": "Tantalum capacitors.",
        "Aluminium Electrolytic Capacitors": "Aluminium electrolytic capacitors.",
        "Polymer Capacitors": "Polymer capacitors.",
        "MLCCs": "Multilayer ceramic capacitors.",
        "Disc Capacitors": "Disc capacitors.",
        "Film Capacitors": "Film capacitors.",
        "Supercapacitors (EDLC)": "Supercapacitors (Electric Double-Layer Capacitors).",
        "MLCC Array": "Array of multilayer ceramic capacitors.",
        "MLCC Automotive": "Automotive multilayer ceramic capacitors.",
        "Variable Capacitors": "Variable capacitors.",
        "Power Capacitors": "Power capacitors."
      }
    },
    "Inductors & Coils": {
      "Description": "Components used to store energy in a magnetic field.",
      "SpecifyType": {
        "Fixed Inductors": "Fixed inductors.",
        "Wire Wound Inductors": "Wire wound inductors.",
        "Multilayer": "Multilayer inductors.",
        "Automotive Inductors": "Automotive inductors.",
        "Ferrite Bead": "Ferrite bead inductors.",
        "Power Inductors": "Power inductors."
      }
    },
    "Frequency Control & Timing Devices": {
      "Description": "Components used for frequency control and timing in electronic circuits.",
      "SpecifyType": {
        "Resonators": "Resonators.",
        "Wireless Charging Coils": "Coils used for wireless charging.",
        "Oscillators": "Oscillators.",
        "Crystals": "Crystals."
      }
    },
    "EMC": {
      "Description": "Electromagnetic compatibility components.",
      "SpecifyType": {
        "DC Chokes": "DC chokes.",
        "Ferrite Materials": "Ferrite materials.",
        "Pulse Transformers": "Pulse transformers.",
        "Ferrite Beads": "Ferrite beads.",
        "AC Chokes": "AC chokes.",
        "EMI/RFI Filters": "EMI/RFI filters.",
        "Flex Suppressor": "Flex suppressors.",
        "EMI Cores": "EMI cores."
      }
    },
    "Wireless Components": {
      "Description": "Components used in wireless communication systems.",
      "SpecifyType": {
        "Antenna": "Antennas.",
        "LTCC Filter": "LTCC (Low Temperature Co-fired Ceramic) filters.",
        "X2Y": "X2Y capacitors."
      }
    }
  },
  "Clock & Timer": {
    "Description": "Components related to clock generation and timing.",
    "Clock Distribution": {
      "Description": "Components used to distribute clock signals.",
      "SpecifyType": {
        "Differential Clock Buffers": "Differential clock buffers.",
        "Single Ended Clock Buffers": "Single ended clock buffers.",
        "Zero Delay Buffer": "Zero delay buffers."
      }
    },
    "Real Time Clocks (RTC)": {
      "Description": "Clocks used to keep track of time in real-world applications.",
      "SpecifyType": {
        "Real Time Clocks": "Real time clocks."
      }
    }
  },
  "Actives": {
    "Description": "Active electronic components that require an external power source.",
    "Microcontrollers - MCU": {
      "Description": "Microcontroller units.",
      "SpecifyType": {
        "8-bit Microcontrollers - MCU": "8-bit microcontroller units."
      }
    }
  },
  "Logic ICs": {
    "Description": "Components used for logical operations in electronic circuits.",
    "Logic Gates": {
      "Description": "Basic logic gates.",
      "SpecifyType": {
        "AND Gates": "AND gates.",
        "NAND Gates": "NAND gates.",
        "NOR Gates": "NOR gates.",
        "OR Gates": "OR gates.",
        "XNOR Gates": "XNOR gates.",
        "XOR Gates": "XOR gates.",
        "Combination Gates": "Combination gates.",
        "Configurable Gates": "Configurable gates."
      }
    },
    "Buffers / Inverters / Transceivers": {
      "Description": "Components used for signal buffering, inversion, and transmission.",
      "SpecifyType": {
        "Buffers": "Buffers.",
        "Inverters": "Inverters.",
        "Transceivers": "Transceivers."
      }
    },
    "Voltage Level Translators": {
      "Description": "Components used to translate voltage levels between different logic standards.",
      "SpecifyType": {
        "Voltage Level Translator": "Voltage level translators."
      }
    },
    "Flip Flops / Latches / Registers": {
      "Description": "Sequential logic components.",
      "SpecifyType": {
        "D-Type Flip-Flops": "D-type flip-flops.",
        "JK-Type Flip-Flops": "JK-type flip-flops.",
        "Latches": "Latches.",
        "Shift Registers": "Shift registers."
      }
    }
  },
  "Data Converters": {
    "Description": "Components used to convert analog signals to digital or vice versa.",
    "D/A Converters": {
      "Description": "Digital-to-Analog Converters.",
      "SpecifyType": {
        "DAC": "Digital-to-Analog Converters.",
        "High Speed DAC": "High-speed Digital-to-Analog Converters.",
        "Precision DAC": "Precision Digital-to-Analog Converters."
      }
    },
    "A/D Converters": {
      "Description": "Analog-to-Digital Converters.",
      "SpecifyType": {
        "ADC": "Analog-to-Digital Converters.",
        "High Speed ADC": "High-speed Analog-to-Digital Converters.",
        "Precision ADC": "Precision Analog-to-Digital Converters."
      }
    }
  },
  "Amplifiers & Comparators": {
    "Description": "Components used for signal amplification and comparison.",
    "Amplifiers": {
      "Description": "Amplification circuits.",
      "SpecifyType": {
        "Current Sense Amplifiers": "Amplifiers for current sensing applications.",
        "Special Function Amplifiers": "Amplifiers with special functions."
      }
    },
    "Comparators": {
      "Description": "Circuits used for comparing two analog voltages.",
      "SpecifyType": {
        "Automotive Comparators": "Comparators designed for automotive applications.",
        "High Speed Comparators": "High-speed comparators.",
        "Low Power Comparators": "Low power comparators.",
        "Standard Comparators": "Standard comparators."
      }
    },
    "Operational Amplifier - Op Amps": {
      "Description": "Operational amplifiers.",
      "SpecifyType": {
        "Automotive Op Amp": "Operational amplifiers for automotive applications.",
        "High Speed Op Amp": "High-speed operational amplifiers.",
        "High Voltage Op Amp": "High voltage operational amplifiers.",
        "Low Input Bias Current Op Amp": "Operational amplifiers with low input bias current.",
        "Low Noise OP Amp": "Low noise operational amplifiers.",
        "Low Power Op Amp": "Low power operational amplifiers.",
        "Precision Op Amp": "Precision operational amplifiers.",
        "Rail to Rail Op Amps": "Rail-to-rail operational amplifiers.",
        "General Purpose  - Op Amp": "General-purpose operational amplifiers."
      }
    }
  },
  "Discrete": {
    "Description": "Individual electronic components not integrated into a larger package.",
    "Diodes and Rectifiers": {
      "Description": "Components used to control the direction of current flow.",
      "SpecifyType": {
        "Switching Diodes": "Diodes optimized for high-speed switching applications.",
        "Bridge Rectifiers": "Rectifiers used to convert alternating current (AC) to direct current (DC).",
        "ESD Diodes": "Diodes designed to protect against electrostatic discharge (ESD).",
        "Schottky Diodes & Rectifiers": "Schottky diodes and rectifiers.",
        "Standard Rectifiers": "Standard rectifiers.",
        "PIN Diodes": "PIN diodes.",
        "Zener Diodes": "Zener diodes.",
        "Fast Recovery Rectifiers": "Fast recovery rectifiers.",
        "PFC Diodes": "Power factor correction (PFC) diodes.",
        "TVS Diodes": "Transient Voltage Suppression (TVS) diodes.",
        "Band Switching Diodes": "Diodes used for band switching applications.",
        "Current Regulated Diodes": "Diodes with current regulation."
      }
    },
    "Transistors": {
      "Description": "Semiconductor devices used for amplification, switching, and regulation.",
      "SpecifyType": {
        "IGBT Transistors": "Insulated Gate Bipolar Transistor (IGBT) transistors.",
        "IGBT Modules": "IGBT transistor modules.",
        "Avalanche Transistors": "Avalanche transistors.",
        "JFET": "Junction Field-Effect Transistors (JFETs).",
        "RF Transistors": "Radio frequency (RF) transistors.",
        "Bipolar Transistors - BJT": "Bipolar Junction Transistors (BJTs).",
        "Darlington Transistors": "Darlington transistors.",
        "IGBT": "Insulated Gate Bipolar Transistors (IGBTs).",
        "Automotive MOSFETs": "MOSFETs designed for automotive applications.",
        "MOSFET": "Metal-Oxide-Semiconductor Field-Effect Transistors (MOSFETs).",
        "Pre Biased And Digital Transistors": "Pre-biased and digital transistors."
      }
    },
    "Silicon Carbide": {
      "Description": "Semiconductor materials used in high-power electronic applications.",
      "SpecifyType": {
        "SIC Diodes": "Silicon Carbide (SiC) diodes.",
        "SIC MOSFETs": "Silicon Carbide (SiC) Metal-Oxide-Semiconductor Field-Effect Transistors (MOSFETs)."
      }
    },
    "Thyristors": {
      "Description": "Semiconductor devices used for switching and regulation.",
      "SpecifyType": {
        "SCR Modules": "Silicon Controlled Rectifier (SCR) modules.",
        "Thyristor Surge Protection Devices - TSPD": "Thyristor Surge Protection Devices (TSPDs).",
        "Triacs": "Triacs.",
        "Diacs": "Diacs.",
        "SCRs": "Silicon Controlled Rectifiers (SCRs)."
      }
    }
  },
  "Power Management IC": {
    "Description": "Components used to manage power in electronic systems.",
    "Voltage References": {
      "Description": "Components used to provide stable reference voltages.",
      "SpecifyType": {
        "Voltage Ref": "Voltage references."
      }
    },
    "DC-DC Controller & Converter/Regulators": {
      "Description": "Components used for DC-DC conversion and regulation.",
      "SpecifyType": {
        "Step Up (Boost) Regulator": "Step-up (boost) regulators.",
        "Charge Pumps": "Charge pumps.",
        "Step Down (Buck) Regulator": "Step-down (buck) regulators.",
        "Multi-Phase/Single-Phase Controllers": "Multi-phase or single-phase controllers.",
        "Step Up/Down (Boost/Buck) Regulators": "Step-up/down (boost/buck) regulators.",
        "Step Down (Buck) Controller": "Step-down (buck) controllers.",
        "Step Up (Boost) Controller": "Step-up (boost) controllers.",
        "Step Up/Down (Boost/Buck) Controller": "Step-up/down (boost/buck) controllers."
      }
    },
    "Battery Management": {
      "Description": "Components used to manage and control batteries.",
      "SpecifyType": {
        "Battery Charger": "Battery chargers.",
        "Battery Fuel Guage": "Battery fuel gauges."
      }
    },
    "Power Protection": {
      "Description": "Components used to protect against power-related issues."
    },
    "Voltage Regulators": {
      "Description": "Components used to regulate voltage.",
      "SpecifyType": {
        "LDO Regulator": "Low Dropout (LDO) voltage regulators.",
        "Standard Linear Regulators": "Standard linear voltage regulators."
      }
    },
    "Motor Drivers": {
      "Description": "Components used to control motors.",
      "SpecifyType": {
        "Stepper Motor": "Stepper motor drivers.",
        "BLDC Motor": "Brushless DC (BLDC) motor drivers.",
        "Brushed DC Motor": "Brushed DC motor drivers."
      }
    }
  },
  "RF and Antennas": {
    "Description": "Components used in radio frequency (RF) systems and antennas.",
    "RF Balun": {
      "Description": "RF baluns."
    },
    "RF Coupler": {
      "Description": "RF couplers."
    },
    "RF Diplexer / Triplexer": {
      "Description": "RF diplexers or triplexers."
    },
    "RF Duplexer": {
      "Description": "RF duplexers."
    },
    "RF Filters": {
      "Description": "Components used to filter RF signals.",
      "SpecifyType": {
        "RF Band Pass Filters": "RF band pass filters.",
        "RF Low Pass Filters": "RF low pass filters.",
        "RF High Pass Filters": "RF high pass filters."
      }
    },
    "RF Front End (LNA + PA)": {
      "Description": "RF front end modules containing both a low noise amplifier (LNA) and power amplifier (PA)."
    },
    "RF Mixer": {
      "Description": "RF mixers."
    },
    "RF Modulator / Demodulator": {
      "Description": "RF modulators or demodulators."
    },
    "RF Receiver": {
      "Description": "RF receivers."
    },
    "RF Switches": {
      "Description": "RF switches."
    },
    "RF Transmitter": {
      "Description": "RF transmitters."
    },
    "RF Power Divider / Combiner": {
      "Description": "RF power dividers or combiners."
    },
    "RF Power Sensor": {
      "Description": "RF power sensors."
    },
    "RF Switch Attenuator": {
      "Description": "RF switch attenuators."
    }
  }
}
